16S_S2,16S_S3,16S_S4,16S_S5,16S_S6,16S_S7,16S_S8,16S_S9,16S_S10,16S_S11,16S_S12,16S_S13,16S_S14,16S_S15,16S_S16,16S_S17,16S_S18,16S_S19,16S_S20,16S_S21,16S_23S
828,421,2,5,661,931,586,941,963,674,22,946,973,579,43,127,663,956,60,718,702
829,513,3,6,662,932,587,942,964,675,24,947,974,580,44,128,664,957,61,719,770
830,531,8,7,663,933,588,943,969,676,32,948,975,581,110,129,665,958,62,722,771
831,532,26,8,670,935,589,966,972,677,33,949,976,582,111,130,672,959,101,723,773
832,1055,27,9,671,936,590,967,973,683,34,950,977,656,112,234,673,960,103,797,783
847,1056,28,10,672,937,591,968,974,684,35,951,979,657,134,235,674,986,104,856,784
848,1057,29,15,673,938,597,970,975,685,36,952,980,658,135,236,675,987,105,1507,785
859,1058,400,16,674,939,598,1116,1058,686,37,953,981,659,136,237,676,988,106,1524,790
1072,1059,401,17,675,940,599,1117,1059,687,302,954,982,660,137,238,718,1012,107,1525,791
1073,1060,402,18,710,941,600,1118,1060,688,362,1224,983,666,227,252,719,1013,108,1526,793
1074,1061,403,19,711,1091,601,1119,1061,689,363,1225,994,667,228,253,720,1014,132,1527,899
1075,1062,404,20,735,1092,632,1128,1114,690,500,1226,995,668,229,254,721,1015,133,1528,900
1076,1106,405,298,736,1239,633,1129,1115,691,501,1227,1006,669,230,255,722,1219,163,1530,1406
1096,1107,406,558,737,1240,640,1130,1123,692,502,1228,1007,727,231,256,734,1220,174,1533,1407
1097,1108,407,559,738,1241,641,1131,1124,693,503,1229,1008,728,309,264,735,1221,175,,1408
1098,1109,408,560,739,1289,642,1146,1125,694,504,1230,1009,729,310,265,736,1222,176,,1409
1100,1111,409,561,,1290,643,1147,1126,695,518,1243,1016,730,311,266,737,1223,177,,1410
1101,1112,410,566,,1291,644,1148,1144,704,519,1295,1047,739,325,267,834,1225,178,,1417
1102,1113,411,567,,1297,651,1149,1145,705,520,1296,1048,740,374,272,835,1226,184,,1418
1103,1188,413,568,,1298,652,1177,1150,706,521,1297,1049,741,375,273,836,1227,185,,1419
1104,1189,418,864,,1345,653,1178,1151,707,522,1302,1050,742,376,275,845,1311,186,,1420
1158,1190,419,865,,1346,654,1179,1152,708,523,1306,1058,743,377,276,846,1312,187,,1427
1159,1191,425,921,,1349,753,1180,1153,715,524,1307,1059,749,378,277,,1313,192,,1428
1160,1192,426,922,,1350,755,1184,1189,716,525,1308,1060,750,390,278,,1314,193,,1429
1169,1193,427,923,,1351,756,1185,1198,717,526,1309,1113,751,391,280,,1315,194,,1430
1170,1196,428,924,,1372,823,1186,1199,718,527,1310,1114,752,392,281,,1316,195,,1472
,1204,429,1070,,1373,824,1187,1202,777,528,1320,1115,753,393,302,,1317,196,,1473
,1205,430,1071,,1374,825,1188,1253,778,529,1321,1185,754,449,563,,1318,223,,1474
,1206,436,1072,,1375,826,1230,1254,779,536,1322,1186,755,450,564,,1319,224,,1475
,1207,437,1073,,1376,827,1231,1255,780,537,1323,1187,756,451,585,,1320,225,,1476
,1255,438,1074,,1377,828,1232,1278,795,538,1328,1188,758,452,586,,1321,258,,1482
,1256,439,1075,,1378,875,1233,1279,796,539,1329,1189,763,453,596,,1322,259,,1483
,1278,440,1077,,1379,876,1234,1280,797,550,1330,1202,764,473,597,,1323,260,,1484
,,489,1078,,1380,877,1248,1281,804,551,1331,1203,765,474,598,,,261,,1485
,,490,1079,,1381,878,1249,1366,1506,552,1332,1215,808,475,635,,,262,,1491
,,491,1080,,1382,879,1250,1367,1507,553,,1216,809,483,636,,,263,,1493
,,495,1081,,,,1251,1368,1522,554,,1217,,484,637,,,322,,1494
,,499,1082,,,,1289,,1523,557,,1218,,607,645,,,323,,1495
,,507,1193,,,,1290,,1524,559,,1219,,608,647,,,324,,1496
,,508,1194,,,,1291,,1525,561,,1220,,616,648,,,325,,1497
,,509,1387,,,,1341,,,562,,1257,,617,879,,,329,,1514
,,510,1396,,,,1342,,,563,,1272,,618,,,,331,,1516
,,511,1397,,,,1343,,,564,,1316,,623,,,,332,,1517
,,512,1398,,,,1344,,,567,,1317,,624,,,,333,,
,,540,,,,,1345,,,568,,1318,,625,,,,350,,
,,541,,,,,1346,,,583,,1357,,626,,,,351,,
,,542,,,,,1347,,,584,,1358,,627,,,,1436,,
,,543,,,,,1348,,,585,,1359,,,,,,1437,,
,,544,,,,,1349,,,879,,1360,,,,,,1438,,
,,545,,,,,1350,,,880,,1368,,,,,,1439,,
,,546,,,,,1351,,,881,,1369,,,,,,1447,,
,,547,,,,,1366,,,882,,,,,,,,1456,,
,,613,,,,,1367,,,883,,,,,,,,1457,,
,,614,,,,,1368,,,884,,,,,,,,1458,,
,,618,,,,,1369,,,885,,,,,,,,1459,,
,,619,,,,,1370,,,909,,,,,,,,1460,,
,,620,,,,,1371,,,910,,,,,,,,,,
,,,,,,,1372,,,911,,,,,,,,,,
,,,,,,,1373,,,912,,,,,,,,,,
,,,,,,,1384,,,913,,,,,,,,,,
,,,,,,,,,,1411,,,,,,,,,,
,,,,,,,,,,1412,,,,,,,,,,
,,,,,,,,,,1413,,,,,,,,,,
,,,,,,,,,,1490,,,,,,,,,,
,,,,,,,,,,1491,,,,,,,,,,
,,,,,,,,,,1492,,,,,,,,,,
,,,,,,,,,,1493,,,,,,,,,,